#A randomly created array,,,,,
Ru,-0.5029158999360099,1.2178904370877544,-0.27111940695477094,0.7301833239723954,-1.1693055169964495
Pd,-1.4294668995364466,-0.023272781996066142,-0.44779253386270806,0.08807514133629571,0.5252955930066644
Cd,0.3161798146820059,-0.35797332652478464,-0.9287436068353231,-1.0528274607881316,0.23593193513123287
