#A randomly created array,,,,,
Ru,3.001026668413964,1.0576908363998294,0.5933451546898947,-0.6399517898860401,-0.6439981418388906
Pd,0.3096978060435868,0.1114960048100229,-0.44462137008527225,-0.07962341054888113,0.03323398219556924
Cd,-0.449824236964218,0.8663436597390861,0.6378154588116841,-0.34772167564259626,-1.5901113341185023
