#A randomly created array,,
Ru,Pd,Cd
-0.5029158999360099,-1.4294668995364466,0.3161798146820059
1.2178904370877544,-0.023272781996066142,-0.35797332652478464
-0.27111940695477094,-0.44779253386270806,-0.9287436068353231
0.7301833239723954,0.08807514133629571,-1.0528274607881316
-1.1693055169964495,0.5252955930066644,0.23593193513123287
